"","Company","Year","Start Year Revenue (USD)","Revenue Growth (NYU CAGR)","Revenue Growth (S&P)","Scope 1 Emission Intensity (Company) (tCO2e/USD)","Scope 1 Emission Intensity (Sector Mean) (tCO2e/USD)","Scope 1 Emission Intensity (Sector Min) (tCO2e/USD)","Scope 1 Emission Intensity (Sector Max) (tCO2e/USD)","Scope 2 Emission Intensity (Company) (tCO2e/USD)","Scope 2 Emission Intensity (Sector Mean) (tCO2e/USD)","Scope 2 Emission Intensity (Sector Min) (tCO2e/USD)","Scope 2 Emission Intensity (Sector Max) (tCO2e/USD)","Scope 1&2 Emission Intensity (Company) (tCO2e/USD)","Scope 1&2 Emission Intensity (Sector Mean) (tCO2e/USD)","Scope 1&2 Emission Intensity (Sector Min) (tCO2e/USD)","Scope 1&2 Emission Intensity (Sector Max) (tCO2e/USD)","End Target (Current)","End Target (None to NZT)","End Target (Top 50% None to NZT)","Interim Target (Current)","Interim Target (None to 50% by 2030)","Slowdown (2022) End Target (Current) Revenue Growth (S&P)","Slowdown (2022) End Target (Current) Revenue Growth (NYU CAGR)","Slowdown (2022) End Target (None to NZT) Revenue Growth (S&P)","Slowdown (2022) End Target (None to NZT) Revenue Growth (NYU CAGR)","Slowdown (2022) End Target (Top 50% None to NZT) Revenue Growth (S&P)","Slowdown (2022) End Target (Top 50% None to NZT) Revenue Growth (NYU CAGR)","Slowdown (2030) End Target (Current) Revenue Growth (S&P)","Slowdown (2030) End Target (Current) Revenue Growth (NYU CAGR)","Slowdown (2030) End Target (None to NZT) Revenue Growth (S&P)","Slowdown (2030) End Target (None to NZT) Revenue Growth (NYU CAGR)","Slowdown (2030) End Target (Top 50% None to NZT) Revenue Growth (S&P)","Slowdown (2030) End Target (Top 50% None to NZT) Revenue Growth (NYU CAGR)","Slowdown (2040) End Target (Current) Revenue Growth (S&P)","Slowdown (2040) End Target (Current) Revenue Growth (NYU CAGR)","Slowdown (2040) End Target (None to NZT) Revenue Growth (S&P)","Slowdown (2040) End Target (None to NZT) Revenue Growth (NYU CAGR)","Slowdown (2040) End Target (Top 50% None to NZT) Revenue Growth (S&P)","Slowdown (2040) End Target (Top 50% None to NZT) Revenue Growth (NYU CAGR)","Company Type"
"70338","first majestic silver","2021","587225000.0","1.405634600208329","0.8833236686760966","","0.0046630229110399","4.385964912280703e-08","0.3290017794442413","","0.0075846528527302","2.065602587995966e-09","0.8933884297520661","","0.0081507751822053","2.6666666666666667e-08","0.4560009056100156","","1.0","1.0","","1.0","1.0","1.0","1.0","1.0","1.0","1.0","1.0","1.0","1.0","1.0","1.0","1.0","1.0","1.0","1.0","1.0","1.0","1.0","Laggard"
"70339","first majestic silver","2022","587225000.0","1.6665128180539892","0.8301944032972512","","0.0046630229110399","4.385964912280703e-08","0.3290017794442413","","0.0075846528527302","2.065602587995966e-09","0.8933884297520661","","0.0081507751822053","2.6666666666666667e-08","0.4560009056100156","","0.9655172413793104","0.9655172413793104","","0.9444444444444444","0.9705575827209288","7.720508721687423","0.9655172413793104","0.9655172413793104","0.9655172413793104","0.9655172413793104","0.8301944032972512","1.6665128180539892","0.8301944032972512","1.6665128180539892","0.8301944032972512","1.6665128180539892","0.8301944032972512","1.6665128180539892","0.8301944032972512","1.6665128180539892","0.8301944032972512","1.6665128180539892","Laggard"
"70340","first majestic silver","2023","587225000.0","1.975808629302829","0.7802607036433984","","0.0046630229110399","4.385964912280703e-08","0.3290017794442413","","0.0075846528527302","2.065602587995966e-09","0.8933884297520661","","0.0081507751822053","2.6666666666666667e-08","0.4560009056100156","","0.9310344827586208","0.9310344827586208","","0.8888888888888888","0.9411151654418576","14.441017443374848","0.9310344827586208","0.9310344827586208","0.9310344827586208","0.9310344827586208","0.7802607036433984","1.975808629302829","0.7802607036433984","1.975808629302829","0.7802607036433984","1.975808629302829","0.7802607036433984","1.975808629302829","0.7802607036433984","1.975808629302829","0.7802607036433984","1.975808629302829","Laggard"
"70341","first majestic silver","2024","587225000.0","2.342508078747375","0.7333303660348909","","0.0046630229110399","4.385964912280703e-08","0.3290017794442413","","0.0075846528527302","2.065602587995966e-09","0.8933884297520661","","0.0081507751822053","2.6666666666666667e-08","0.4560009056100156","","0.896551724137931","0.896551724137931","","0.8333333333333334","0.9116727481627864","21.16152616506227","0.896551724137931","0.896551724137931","0.896551724137931","0.896551724137931","0.7333303660348909","2.342508078747375","0.7333303660348909","2.342508078747375","0.7333303660348909","2.342508078747375","0.7333303660348909","2.342508078747375","0.7333303660348909","2.342508078747375","0.7333303660348909","2.342508078747375","Laggard"
"70342","first majestic silver","2025","587225000.0","2.777264972738249","0.6892227472660791","","0.0046630229110399","4.385964912280703e-08","0.3290017794442413","","0.0075846528527302","2.065602587995966e-09","0.8933884297520661","","0.0081507751822053","2.6666666666666667e-08","0.4560009056100156","","0.8620689655172413","0.8620689655172413","","0.7777777777777778","0.8822303308837153","27.882034886749693","0.8620689655172413","0.8620689655172413","0.8620689655172413","0.8620689655172413","0.6892227472660791","2.777264972738249","0.6892227472660791","2.777264972738249","0.6892227472660791","2.777264972738249","0.6892227472660791","2.777264972738249","0.6892227472660791","2.777264972738249","0.6892227472660791","2.777264972738249","Laggard"
"70343","first majestic silver","2026","587225000.0","3.292710406754848","0.6477680692775245","","0.0046630229110399","4.385964912280703e-08","0.3290017794442413","","0.0075846528527302","2.065602587995966e-09","0.8933884297520661","","0.0081507751822053","2.6666666666666667e-08","0.4560009056100156","","0.8275862068965517","0.8275862068965517","","0.7222222222222222","0.8527879136046441","34.60254360843712","0.8275862068965517","0.8275862068965517","0.8275862068965517","0.8275862068965517","0.6477680692775245","3.292710406754848","0.6477680692775245","3.292710406754848","0.6477680692775245","3.292710406754848","0.6477680692775245","3.292710406754848","0.6477680692775245","3.292710406754848","0.6477680692775245","3.292710406754848","Laggard"
"70344","first majestic silver","2027","587225000.0","3.903819739627524","0.6088067656500911","","0.0046630229110399","4.385964912280703e-08","0.3290017794442413","","0.0075846528527302","2.065602587995966e-09","0.8933884297520661","","0.0081507751822053","2.6666666666666667e-08","0.4560009056100156","","0.7931034482758621","0.7931034482758621","","0.6666666666666667","0.8233454963255729","41.32305233012454","0.7931034482758621","0.7931034482758621","0.7931034482758621","0.7931034482758621","0.6088067656500911","3.903819739627524","0.6088067656500911","3.903819739627524","0.6088067656500911","3.903819739627524","0.6088067656500911","3.903819739627524","0.6088067656500911","3.903819739627524","0.6088067656500911","3.903819739627524","Laggard"
"70345","first majestic silver","2028","587225000.0","4.628347676200654","0.5721888674054548","","0.0046630229110399","4.385964912280703e-08","0.3290017794442413","","0.0075846528527302","2.065602587995966e-09","0.8933884297520661","","0.0081507751822053","2.6666666666666667e-08","0.4560009056100156","","0.7586206896551724","0.7586206896551724","","0.6111111111111112","0.7939030790465017","48.04356105181196","0.7586206896551724","0.7586206896551724","0.7586206896551724","0.7586206896551724","0.5721888674054548","4.628347676200654","0.5721888674054548","4.628347676200654","0.5721888674054548","4.628347676200654","0.5721888674054548","4.628347676200654","0.5721888674054548","4.628347676200654","0.5721888674054548","4.628347676200654","Laggard"
"70346","first majestic silver","2029","587225000.0","5.487344098996719","0.537773425748867","","0.0046630229110399","4.385964912280703e-08","0.3290017794442413","","0.0075846528527302","2.065602587995966e-09","0.8933884297520661","","0.0081507751822053","2.6666666666666667e-08","0.4560009056100156","","0.7241379310344828","0.7241379310344828","","0.5555555555555556","0.7644606617674305","54.764069773499386","0.7241379310344828","0.7241379310344828","0.7241379310344828","0.7241379310344828","0.537773425748867","5.487344098996719","0.537773425748867","5.487344098996719","0.537773425748867","5.487344098996719","0.537773425748867","5.487344098996719","0.537773425748867","5.487344098996719","0.537773425748867","5.487344098996719","Laggard"
"70347","first majestic silver","2030","587225000.0","6.505765635461456","0.5054279695322069","","0.0046630229110399","4.385964912280703e-08","0.3290017794442413","","0.0075846528527302","2.065602587995966e-09","0.8933884297520661","","0.0081507751822053","2.6666666666666667e-08","0.4560009056100156","","0.6896551724137931","0.6896551724137931","","0.5","0.7350182444883594","61.48457849518681","0.6896551724137931","0.6896551724137931","0.6896551724137931","0.6896551724137931","0.5191256387563941","14.55436356708903","0.5121651673798733","5.226041999044494","0.5121651673798733","5.226041999044494","0.5054279695322069","6.505765635461456","0.5054279695322069","6.505765635461456","0.5054279695322069","6.505765635461456","Laggard"
"70348","first majestic silver","2031","587225000.0","7.713200728798785","0.4750279953490016","","0.0046630229110399","4.385964912280703e-08","0.3290017794442413","","0.0075846528527302","2.065602587995966e-09","0.8933884297520661","","0.0081507751822053","2.6666666666666667e-08","0.4560009056100156","","0.6551724137931034","0.6551724137931034","","0.5","0.7055758272092882","68.20508721687423","0.6551724137931034","0.6551724137931034","0.6551724137931034","0.6551724137931034","0.5004778517639211","23.621383035181346","0.4865569090108796","4.964739899092269","0.4865569090108796","4.964739899092269","0.4750279953490016","7.713200728798785","0.4750279953490016","7.713200728798785","0.4750279953490016","7.713200728798785","Laggard"
"70349","first majestic silver","2032","587225000.0","9.14472927805095","0.4464564882986993","","0.0046630229110399","4.385964912280703e-08","0.3290017794442413","","0.0075846528527302","2.065602587995966e-09","0.8933884297520661","","0.0081507751822053","2.6666666666666667e-08","0.4560009056100156","","0.6206896551724138","0.6206896551724138","","0.5","0.676133409930217","74.92559593856166","0.6206896551724138","0.6206896551724138","0.6206896551724138","0.6206896551724138","0.4818300647714482","32.68840250327365","0.460948650641886","4.703437799140044","0.460948650641886","4.703437799140044","0.4464564882986993","9.14472927805095","0.4464564882986993","9.14472927805095","0.4464564882986993","9.14472927805095","Laggard"
"70350","first majestic silver","2033","587225000.0","10.841941822751672","0.4196034715755318","","0.0046630229110399","4.385964912280703e-08","0.3290017794442413","","0.0075846528527302","2.065602587995966e-09","0.8933884297520661","","0.0081507751822053","2.6666666666666667e-08","0.4560009056100156","","0.5862068965517242","0.5862068965517242","","0.5","0.6466909926511458","81.64610466024908","0.5862068965517242","0.5862068965517242","0.5862068965517242","0.5862068965517242","0.4631822777789753","41.75542197136596","0.4353403922728923","4.44213569918782","0.4353403922728923","4.44213569918782","0.4196034715755318","10.841941822751672","0.4196034715755318","10.841941822751672","0.4196034715755318","10.841941822751672","Laggard"
"70351","first majestic silver","2034","587225000.0","12.854147882766547","0.3943655831482539","","0.0046630229110399","4.385964912280703e-08","0.3290017794442413","","0.0075846528527302","2.065602587995966e-09","0.8933884297520661","","0.0081507751822053","2.6666666666666667e-08","0.4560009056100156","","0.5517241379310345","0.5517241379310345","","0.5","0.6172485753720747","88.3666133819365","0.5517241379310345","0.5517241379310345","0.5517241379310345","0.5517241379310345","0.4445344907865024","50.822441439458274","0.4097321339038986","4.180833599235595","0.4097321339038986","4.180833599235595","0.3943655831482539","12.854147882766547","0.3943655831482539","12.854147882766547","0.3943655831482539","12.854147882766547","Laggard"
"70352","first majestic silver","2035","587225000.0","15.23980855950551","0.3706456779013249","","0.0046630229110399","4.385964912280703e-08","0.3290017794442413","","0.0075846528527302","2.065602587995966e-09","0.8933884297520661","","0.0081507751822053","2.6666666666666667e-08","0.4560009056100156","","0.5172413793103449","0.5172413793103449","","0.5","0.5878061580930034","95.08712210362393","0.5172413793103449","0.5172413793103449","0.5172413793103449","0.5172413793103449","0.4258867037940295","59.889460907550585","0.384123875534905","3.9195314992833694","0.384123875534905","3.9195314992833694","0.3706456779013249","15.23980855950551","0.3706456779013249","15.23980855950551","0.3706456779013249","15.23980855950551","Laggard"
"70353","first majestic silver","2036","587225000.0","18.068235020211297","0.3483524537061038","","0.0046630229110399","4.385964912280703e-08","0.3290017794442413","","0.0075846528527302","2.065602587995966e-09","0.8933884297520661","","0.0081507751822053","2.6666666666666667e-08","0.4560009056100156","","0.4827586206896551","0.4827586206896551","","0.5","0.5583637408139323","101.80763082531136","0.4827586206896551","0.4827586206896551","0.4827586206896551","0.4827586206896551","0.4072389168015565","68.9564803756429","0.3585156171659113","3.6582293993311454","0.3585156171659113","3.6582293993311454","0.3483524537061038","18.068235020211297","0.3483524537061038","18.068235020211297","0.3483524537061038","18.068235020211297","Laggard"
"70354","first majestic silver","2037","587225000.0","21.421602211792","0.3274000999827371","","0.0046630229110399","4.385964912280703e-08","0.3290017794442413","","0.0075846528527302","2.065602587995966e-09","0.8933884297520661","","0.0081507751822053","2.6666666666666667e-08","0.4560009056100156","","0.4482758620689655","0.4482758620689655","","0.5","0.5289213235348611","108.52813954699876","0.4482758620689655","0.4482758620689655","0.4482758620689655","0.4482758620689655","0.3885911298090836","78.02349984373521","0.3329073587969177","3.396927299378921","0.3329073587969177","3.396927299378921","0.3274000999827371","21.421602211792","0.3274000999827371","21.421602211792","0.3274000999827371","21.421602211792","Laggard"
"70355","first majestic silver","2038","587225000.0","25.39733630910484","0.3077079673999957","","0.0046630229110399","4.385964912280703e-08","0.3290017794442413","","0.0075846528527302","2.065602587995966e-09","0.8933884297520661","","0.0081507751822053","2.6666666666666667e-08","0.4560009056100156","","0.4137931034482759","0.4137931034482759","","0.5","0.4994789062557899","115.2486482686862","0.4137931034482759","0.4137931034482759","0.4137931034482759","0.4137931034482759","0.3699433428166108","87.09051931182752","0.3072991004279239","3.135625199426696","0.3072991004279239","3.135625199426696","0.3077079673999957","25.39733630910484","0.3077079673999957","25.39733630910484","0.3077079673999957","25.39733630910484","Laggard"
"70356","first majestic silver","2039","587225000.0","30.110945260794107","0.2892002574416721","","0.0046630229110399","4.385964912280703e-08","0.3290017794442413","","0.0075846528527302","2.065602587995966e-09","0.8933884297520661","","0.0081507751822053","2.6666666666666667e-08","0.4560009056100156","","0.3793103448275862","0.3793103448275862","","0.5","0.4700364889767188","121.96915699037362","0.3793103448275862","0.3793103448275862","0.3793103448275862","0.3793103448275862","0.3512955558241378","96.15753877991985","0.2816908420589303","2.874323099474472","0.2816908420589303","2.874323099474472","0.2892002574416721","30.110945260794107","0.2892002574416721","30.110945260794107","0.2892002574416721","30.110945260794107","Laggard"
"70357","first majestic silver","2040","587225000.0","35.699374669205056","0.2718057306446289","","0.0046630229110399","4.385964912280703e-08","0.3290017794442413","","0.0075846528527302","2.065602587995966e-09","0.8933884297520661","","0.0081507751822053","2.6666666666666667e-08","0.4560009056100156","","0.3448275862068966","0.3448275862068966","","0.5","0.4405940716976475","128.68966571206104","0.3448275862068966","0.3448275862068966","0.3448275862068966","0.3448275862068966","0.3326477688316649","105.22455824801214","0.2560825836899366","2.613020999522247","0.2560825836899366","2.613020999522247","0.2761974975748779","45.1822005033524","0.2629093249469746","27.373586600721914","0.2629093249469746","27.373586600721914","Laggard"
"70358","first majestic silver","2041","587225000.0","42.3249865035512","0.2554574323854494","","0.0046630229110399","4.385964912280703e-08","0.3290017794442413","","0.0075846528527302","2.065602587995966e-09","0.8933884297520661","","0.0081507751822053","2.6666666666666667e-08","0.4560009056100156","","0.3103448275862068","0.3103448275862068","","0.5","0.4111516544185764","135.41017443374847","0.3103448275862068","0.3103448275862068","0.3103448275862068","0.3103448275862068","0.313999981839192","114.29157771610446","0.2304743253209429","2.351718899570022","0.2304743253209429","2.351718899570022","0.2631947377080836","60.253455745910685","0.2366183924522771","24.636227940649725","0.2366183924522771","24.636227940649725","Laggard"
"70359","first majestic silver","2042","587225000.0","50.1802762408354","0.2400924351602004","","0.0046630229110399","4.385964912280703e-08","0.3290017794442413","","0.0075846528527302","2.065602587995966e-09","0.8933884297520661","","0.0081507751822053","2.6666666666666667e-08","0.4560009056100156","","0.2758620689655172","0.2758620689655172","","0.5","0.3817092371395052","142.1306831554359","0.2758620689655172","0.2758620689655172","0.2758620689655172","0.2758620689655172","0.2953521948467191","123.35859718419675","0.2048660669519493","2.0904167996177976","0.2048660669519493","2.0904167996177976","0.2501919778412895","75.32471098846898","0.2103274599575797","21.89886928057753","0.2103274599575797","21.89886928057753","Laggard"
"70360","first majestic silver","2043","587225000.0","59.49346548274212","0.225651596365291","","0.0046630229110399","4.385964912280703e-08","0.3290017794442413","","0.0075846528527302","2.065602587995966e-09","0.8933884297520661","","0.0081507751822053","2.6666666666666667e-08","0.4560009056100156","","0.2413793103448276","0.2413793103448276","","0.5","0.3522668198604339","148.8511918771233","0.2413793103448276","0.2413793103448276","0.2413793103448276","0.2413793103448276","0.2767044078542461","132.42561665228908","0.1792578085829556","1.8291146996655727","0.1792578085829556","1.8291146996655727","0.2371892179744952","90.39596623102726","0.1840365274628822","19.16151062050534","0.1840365274628822","19.16151062050534","Laggard"
"70361","first majestic silver","2044","587225000.0","70.53513253213018","0.2120793306470861","","0.0046630229110399","4.385964912280703e-08","0.3290017794442413","","0.0075846528527302","2.065602587995966e-09","0.8933884297520661","","0.0081507751822053","2.6666666666666667e-08","0.4560009056100156","","0.2068965517241379","0.2068965517241379","","0.5","0.3228244025813628","155.57170059881074","0.2068965517241379","0.2068965517241379","0.2068965517241379","0.2068965517241379","0.2580566208617733","141.49263612038138","0.1536495502139619","1.5678125997133483","0.1536495502139619","1.5678125997133483","0.224186458107701","105.46722147358555","0.1577455949681848","16.42415196043315","0.1577455949681848","16.42415196043315","Laggard"
"70362","first majestic silver","2045","587225000.0","83.62607356884224","0.1993233959440066","","0.0046630229110399","4.385964912280703e-08","0.3290017794442413","","0.0075846528527302","2.065602587995966e-09","0.8933884297520661","","0.0081507751822053","2.6666666666666667e-08","0.4560009056100156","","0.1724137931034483","0.1724137931034483","","0.5","0.2933819853022916","162.29220932049816","0.1724137931034483","0.1724137931034483","0.1724137931034483","0.1724137931034483","0.2394088338693003","150.5596555884737","0.1280412918449683","1.3065104997611234","0.1280412918449683","1.3065104997611234","0.2111836982409068","120.53847671614383","0.1314546624734873","13.686793300360955","0.1314546624734873","13.686793300360955","Laggard"
"70363","first majestic silver","2046","587225000.0","99.1466228174423","0.187334692397555","","0.0046630229110399","4.385964912280703e-08","0.3290017794442413","","0.0075846528527302","2.065602587995966e-09","0.8933884297520661","","0.0081507751822053","2.6666666666666667e-08","0.4560009056100156","","0.1379310344827586","0.1379310344827586","","0.5","0.2639395680232205","169.01271804218558","0.1379310344827586","0.1379310344827586","0.1379310344827586","0.1379310344827586","0.2207610468768274","159.62667505656603","0.1024330334759746","1.0452083998088986","0.1024330334759746","1.0452083998088986","0.1981809383741126","135.60973195870213","0.1051637299787898","10.949434640288768","0.1051637299787898","10.949434640288768","Laggard"
"70364","first majestic silver","2047","587225000.0","117.54770248793189","0.1760670733582381","","0.0046630229110399","4.385964912280703e-08","0.3290017794442413","","0.0075846528527302","2.065602587995966e-09","0.8933884297520661","","0.0081507751822053","2.6666666666666667e-08","0.4560009056100156","","0.1034482758620689","0.1034482758620689","","0.5","0.2344971507441493","175.733226763873","0.1034482758620689","0.1034482758620689","0.1034482758620689","0.1034482758620689","0.2021132598843545","168.69369452465833","0.0768247751069809","0.7839062998566737","0.0768247751069809","0.7839062998566737","0.1851781785073184","150.68098720126042","0.0788727974840924","8.212075980216575","0.0788727974840924","8.212075980216575","Laggard"
"70365","first majestic silver","2048","587225000.0","139.3639235260015","0.1654771677589163","","0.0046630229110399","4.385964912280703e-08","0.3290017794442413","","0.0075846528527302","2.065602587995966e-09","0.8933884297520661","","0.0081507751822053","2.6666666666666667e-08","0.4560009056100156","","0.0689655172413793","0.0689655172413793","","0.5","0.205054733465078","182.45373548556043","0.0689655172413793","0.0689655172413793","0.0689655172413793","0.0689655172413793","0.1834654728918816","177.76071399275062","0.0512165167379873","0.5226041999044497","0.0512165167379873","0.5226041999044497","0.1721754186405242","165.7522424438187","0.0525818649893949","5.474717320144382","0.0525818649893949","5.474717320144382","Laggard"
"70366","first majestic silver","2049","587225000.0","165.22911779203173","0.1555242131718623","","0.0046630229110399","4.385964912280703e-08","0.3290017794442413","","0.0075846528527302","2.065602587995966e-09","0.8933884297520661","","0.0081507751822053","2.6666666666666667e-08","0.4560009056100156","","0.0344827586206897","0.0344827586206897","","0.5","0.1756123161860069","189.17424420724785","0.0344827586206897","0.0344827586206897","0.0344827586206897","0.0344827586206897","0.1648176858994087","186.82773346084292","0.0256082583689936","0.2613020999522248","0.0256082583689936","0.2613020999522248","0.15917265877373","180.82349768637695","0.0262909324946974","2.737358660072193","0.0262909324946974","2.737358660072193","Laggard"
"70367","first majestic silver","2050","587225000.0","195.89475292893528","0.1461698989069358","","0.0046630229110399","4.385964912280703e-08","0.3290017794442413","","0.0075846528527302","2.065602587995966e-09","0.8933884297520661","","0.0081507751822053","2.6666666666666667e-08","0.4560009056100156","","0.0","0.0","","0.5","0.1461698989069358","195.89475292893528","0.0","0.0","0.0","0.0","0.1461698989069358","195.89475292893528","0.0","0.0","0.0","0.0","0.1461698989069358","195.89475292893528","0.0","0.0","0.0","0.0","Laggard"
"72558","fortuna silver mines","2021","599853000.0","1.405634600208329","0.8833236686760966","0.0001567466946068","0.0046630229110399","4.385964912280703e-08","0.3290017794442413","8.802165030432455e-05","0.0075846528527302","2.065602587995966e-09","0.8933884297520661","0.0002447683449111","0.0081507751822053","2.6666666666666667e-08","0.4560009056100156","","1.0","1.0","","1.0","1.0","1.0","1.0","1.0","1.0","1.0","1.0","1.0","1.0","1.0","1.0","1.0","1.0","1.0","1.0","1.0","1.0","1.0","Herd"
"72559","fortuna silver mines","2022","599853000.0","1.6665128180539892","0.8301944032972512","0.0001567466946068","0.0046630229110399","4.385964912280703e-08","0.3290017794442413","8.802165030432455e-05","0.0075846528527302","2.065602587995966e-09","0.8933884297520661","0.0002447683449111","0.0081507751822053","2.6666666666666667e-08","0.4560009056100156","","0.9655172413793104","0.9655172413793104","","0.9444444444444444","0.9705575827209288","7.720508721687423","0.9655172413793104","0.9655172413793104","0.9655172413793104","0.9655172413793104","0.8301944032972512","1.6665128180539892","0.8301944032972512","1.6665128180539892","0.8301944032972512","1.6665128180539892","0.8301944032972512","1.6665128180539892","0.8301944032972512","1.6665128180539892","0.8301944032972512","1.6665128180539892","Herd"
"72560","fortuna silver mines","2023","599853000.0","1.975808629302829","0.7802607036433984","0.0001567466946068","0.0046630229110399","4.385964912280703e-08","0.3290017794442413","8.802165030432455e-05","0.0075846528527302","2.065602587995966e-09","0.8933884297520661","0.0002447683449111","0.0081507751822053","2.6666666666666667e-08","0.4560009056100156","","0.9310344827586208","0.9310344827586208","","0.8888888888888888","0.9411151654418576","14.441017443374848","0.9310344827586208","0.9310344827586208","0.9310344827586208","0.9310344827586208","0.7802607036433984","1.975808629302829","0.7802607036433984","1.975808629302829","0.7802607036433984","1.975808629302829","0.7802607036433984","1.975808629302829","0.7802607036433984","1.975808629302829","0.7802607036433984","1.975808629302829","Herd"
"72561","fortuna silver mines","2024","599853000.0","2.342508078747375","0.7333303660348909","0.0001567466946068","0.0046630229110399","4.385964912280703e-08","0.3290017794442413","8.802165030432455e-05","0.0075846528527302","2.065602587995966e-09","0.8933884297520661","0.0002447683449111","0.0081507751822053","2.6666666666666667e-08","0.4560009056100156","","0.896551724137931","0.896551724137931","","0.8333333333333334","0.9116727481627864","21.16152616506227","0.896551724137931","0.896551724137931","0.896551724137931","0.896551724137931","0.7333303660348909","2.342508078747375","0.7333303660348909","2.342508078747375","0.7333303660348909","2.342508078747375","0.7333303660348909","2.342508078747375","0.7333303660348909","2.342508078747375","0.7333303660348909","2.342508078747375","Herd"
"72562","fortuna silver mines","2025","599853000.0","2.777264972738249","0.6892227472660791","0.0001567466946068","0.0046630229110399","4.385964912280703e-08","0.3290017794442413","8.802165030432455e-05","0.0075846528527302","2.065602587995966e-09","0.8933884297520661","0.0002447683449111","0.0081507751822053","2.6666666666666667e-08","0.4560009056100156","","0.8620689655172413","0.8620689655172413","","0.7777777777777778","0.8822303308837153","27.882034886749693","0.8620689655172413","0.8620689655172413","0.8620689655172413","0.8620689655172413","0.6892227472660791","2.777264972738249","0.6892227472660791","2.777264972738249","0.6892227472660791","2.777264972738249","0.6892227472660791","2.777264972738249","0.6892227472660791","2.777264972738249","0.6892227472660791","2.777264972738249","Herd"
"72563","fortuna silver mines","2026","599853000.0","3.292710406754848","0.6477680692775245","0.0001567466946068","0.0046630229110399","4.385964912280703e-08","0.3290017794442413","8.802165030432455e-05","0.0075846528527302","2.065602587995966e-09","0.8933884297520661","0.0002447683449111","0.0081507751822053","2.6666666666666667e-08","0.4560009056100156","","0.8275862068965517","0.8275862068965517","","0.7222222222222222","0.8527879136046441","34.60254360843712","0.8275862068965517","0.8275862068965517","0.8275862068965517","0.8275862068965517","0.6477680692775245","3.292710406754848","0.6477680692775245","3.292710406754848","0.6477680692775245","3.292710406754848","0.6477680692775245","3.292710406754848","0.6477680692775245","3.292710406754848","0.6477680692775245","3.292710406754848","Herd"
"72564","fortuna silver mines","2027","599853000.0","3.903819739627524","0.6088067656500911","0.0001567466946068","0.0046630229110399","4.385964912280703e-08","0.3290017794442413","8.802165030432455e-05","0.0075846528527302","2.065602587995966e-09","0.8933884297520661","0.0002447683449111","0.0081507751822053","2.6666666666666667e-08","0.4560009056100156","","0.7931034482758621","0.7931034482758621","","0.6666666666666667","0.8233454963255729","41.32305233012454","0.7931034482758621","0.7931034482758621","0.7931034482758621","0.7931034482758621","0.6088067656500911","3.903819739627524","0.6088067656500911","3.903819739627524","0.6088067656500911","3.903819739627524","0.6088067656500911","3.903819739627524","0.6088067656500911","3.903819739627524","0.6088067656500911","3.903819739627524","Herd"
"72565","fortuna silver mines","2028","599853000.0","4.628347676200654","0.5721888674054548","0.0001567466946068","0.0046630229110399","4.385964912280703e-08","0.3290017794442413","8.802165030432455e-05","0.0075846528527302","2.065602587995966e-09","0.8933884297520661","0.0002447683449111","0.0081507751822053","2.6666666666666667e-08","0.4560009056100156","","0.7586206896551724","0.7586206896551724","","0.6111111111111112","0.7939030790465017","48.04356105181196","0.7586206896551724","0.7586206896551724","0.7586206896551724","0.7586206896551724","0.5721888674054548","4.628347676200654","0.5721888674054548","4.628347676200654","0.5721888674054548","4.628347676200654","0.5721888674054548","4.628347676200654","0.5721888674054548","4.628347676200654","0.5721888674054548","4.628347676200654","Herd"
"72566","fortuna silver mines","2029","599853000.0","5.487344098996719","0.537773425748867","0.0001567466946068","0.0046630229110399","4.385964912280703e-08","0.3290017794442413","8.802165030432455e-05","0.0075846528527302","2.065602587995966e-09","0.8933884297520661","0.0002447683449111","0.0081507751822053","2.6666666666666667e-08","0.4560009056100156","","0.7241379310344828","0.7241379310344828","","0.5555555555555556","0.7644606617674305","54.764069773499386","0.7241379310344828","0.7241379310344828","0.7241379310344828","0.7241379310344828","0.537773425748867","5.487344098996719","0.537773425748867","5.487344098996719","0.537773425748867","5.487344098996719","0.537773425748867","5.487344098996719","0.537773425748867","5.487344098996719","0.537773425748867","5.487344098996719","Herd"
"72567","fortuna silver mines","2030","599853000.0","6.505765635461456","0.5054279695322069","0.0001567466946068","0.0046630229110399","4.385964912280703e-08","0.3290017794442413","8.802165030432455e-05","0.0075846528527302","2.065602587995966e-09","0.8933884297520661","0.0002447683449111","0.0081507751822053","2.6666666666666667e-08","0.4560009056100156","","0.6896551724137931","0.6896551724137931","","0.5","0.7350182444883594","61.48457849518681","0.6896551724137931","0.6896551724137931","0.6896551724137931","0.6896551724137931","0.5191256387563941","14.55436356708903","0.5121651673798733","5.226041999044494","0.5121651673798733","5.226041999044494","0.5054279695322069","6.505765635461456","0.5054279695322069","6.505765635461456","0.5054279695322069","6.505765635461456","Herd"
"72568","fortuna silver mines","2031","599853000.0","7.713200728798785","0.4750279953490016","0.0001567466946068","0.0046630229110399","4.385964912280703e-08","0.3290017794442413","8.802165030432455e-05","0.0075846528527302","2.065602587995966e-09","0.8933884297520661","0.0002447683449111","0.0081507751822053","2.6666666666666667e-08","0.4560009056100156","","0.6551724137931034","0.6551724137931034","","0.5","0.7055758272092882","68.20508721687423","0.6551724137931034","0.6551724137931034","0.6551724137931034","0.6551724137931034","0.5004778517639211","23.621383035181346","0.4865569090108796","4.964739899092269","0.4865569090108796","4.964739899092269","0.4750279953490016","7.713200728798785","0.4750279953490016","7.713200728798785","0.4750279953490016","7.713200728798785","Herd"
"72569","fortuna silver mines","2032","599853000.0","9.14472927805095","0.4464564882986993","0.0001567466946068","0.0046630229110399","4.385964912280703e-08","0.3290017794442413","8.802165030432455e-05","0.0075846528527302","2.065602587995966e-09","0.8933884297520661","0.0002447683449111","0.0081507751822053","2.6666666666666667e-08","0.4560009056100156","","0.6206896551724138","0.6206896551724138","","0.5","0.676133409930217","74.92559593856166","0.6206896551724138","0.6206896551724138","0.6206896551724138","0.6206896551724138","0.4818300647714482","32.68840250327365","0.460948650641886","4.703437799140044","0.460948650641886","4.703437799140044","0.4464564882986993","9.14472927805095","0.4464564882986993","9.14472927805095","0.4464564882986993","9.14472927805095","Herd"
"72570","fortuna silver mines","2033","599853000.0","10.841941822751672","0.4196034715755318","0.0001567466946068","0.0046630229110399","4.385964912280703e-08","0.3290017794442413","8.802165030432455e-05","0.0075846528527302","2.065602587995966e-09","0.8933884297520661","0.0002447683449111","0.0081507751822053","2.6666666666666667e-08","0.4560009056100156","","0.5862068965517242","0.5862068965517242","","0.5","0.6466909926511458","81.64610466024908","0.5862068965517242","0.5862068965517242","0.5862068965517242","0.5862068965517242","0.4631822777789753","41.75542197136596","0.4353403922728923","4.44213569918782","0.4353403922728923","4.44213569918782","0.4196034715755318","10.841941822751672","0.4196034715755318","10.841941822751672","0.4196034715755318","10.841941822751672","Herd"
"72571","fortuna silver mines","2034","599853000.0","12.854147882766547","0.3943655831482539","0.0001567466946068","0.0046630229110399","4.385964912280703e-08","0.3290017794442413","8.802165030432455e-05","0.0075846528527302","2.065602587995966e-09","0.8933884297520661","0.0002447683449111","0.0081507751822053","2.6666666666666667e-08","0.4560009056100156","","0.5517241379310345","0.5517241379310345","","0.5","0.6172485753720747","88.3666133819365","0.5517241379310345","0.5517241379310345","0.5517241379310345","0.5517241379310345","0.4445344907865024","50.822441439458274","0.4097321339038986","4.180833599235595","0.4097321339038986","4.180833599235595","0.3943655831482539","12.854147882766547","0.3943655831482539","12.854147882766547","0.3943655831482539","12.854147882766547","Herd"
"72572","fortuna silver mines","2035","599853000.0","15.23980855950551","0.3706456779013249","0.0001567466946068","0.0046630229110399","4.385964912280703e-08","0.3290017794442413","8.802165030432455e-05","0.0075846528527302","2.065602587995966e-09","0.8933884297520661","0.0002447683449111","0.0081507751822053","2.6666666666666667e-08","0.4560009056100156","","0.5172413793103449","0.5172413793103449","","0.5","0.5878061580930034","95.08712210362393","0.5172413793103449","0.5172413793103449","0.5172413793103449","0.5172413793103449","0.4258867037940295","59.889460907550585","0.384123875534905","3.9195314992833694","0.384123875534905","3.9195314992833694","0.3706456779013249","15.23980855950551","0.3706456779013249","15.23980855950551","0.3706456779013249","15.23980855950551","Herd"
"72573","fortuna silver mines","2036","599853000.0","18.068235020211297","0.3483524537061038","0.0001567466946068","0.0046630229110399","4.385964912280703e-08","0.3290017794442413","8.802165030432455e-05","0.0075846528527302","2.065602587995966e-09","0.8933884297520661","0.0002447683449111","0.0081507751822053","2.6666666666666667e-08","0.4560009056100156","","0.4827586206896551","0.4827586206896551","","0.5","0.5583637408139323","101.80763082531136","0.4827586206896551","0.4827586206896551","0.4827586206896551","0.4827586206896551","0.4072389168015565","68.9564803756429","0.3585156171659113","3.6582293993311454","0.3585156171659113","3.6582293993311454","0.3483524537061038","18.068235020211297","0.3483524537061038","18.068235020211297","0.3483524537061038","18.068235020211297","Herd"
"72574","fortuna silver mines","2037","599853000.0","21.421602211792","0.3274000999827371","0.0001567466946068","0.0046630229110399","4.385964912280703e-08","0.3290017794442413","8.802165030432455e-05","0.0075846528527302","2.065602587995966e-09","0.8933884297520661","0.0002447683449111","0.0081507751822053","2.6666666666666667e-08","0.4560009056100156","","0.4482758620689655","0.4482758620689655","","0.5","0.5289213235348611","108.52813954699876","0.4482758620689655","0.4482758620689655","0.4482758620689655","0.4482758620689655","0.3885911298090836","78.02349984373521","0.3329073587969177","3.396927299378921","0.3329073587969177","3.396927299378921","0.3274000999827371","21.421602211792","0.3274000999827371","21.421602211792","0.3274000999827371","21.421602211792","Herd"
"72575","fortuna silver mines","2038","599853000.0","25.39733630910484","0.3077079673999957","0.0001567466946068","0.0046630229110399","4.385964912280703e-08","0.3290017794442413","8.802165030432455e-05","0.0075846528527302","2.065602587995966e-09","0.8933884297520661","0.0002447683449111","0.0081507751822053","2.6666666666666667e-08","0.4560009056100156","","0.4137931034482759","0.4137931034482759","","0.5","0.4994789062557899","115.2486482686862","0.4137931034482759","0.4137931034482759","0.4137931034482759","0.4137931034482759","0.3699433428166108","87.09051931182752","0.3072991004279239","3.135625199426696","0.3072991004279239","3.135625199426696","0.3077079673999957","25.39733630910484","0.3077079673999957","25.39733630910484","0.3077079673999957","25.39733630910484","Herd"
"72576","fortuna silver mines","2039","599853000.0","30.110945260794107","0.2892002574416721","0.0001567466946068","0.0046630229110399","4.385964912280703e-08","0.3290017794442413","8.802165030432455e-05","0.0075846528527302","2.065602587995966e-09","0.8933884297520661","0.0002447683449111","0.0081507751822053","2.6666666666666667e-08","0.4560009056100156","","0.3793103448275862","0.3793103448275862","","0.5","0.4700364889767188","121.96915699037362","0.3793103448275862","0.3793103448275862","0.3793103448275862","0.3793103448275862","0.3512955558241378","96.15753877991985","0.2816908420589303","2.874323099474472","0.2816908420589303","2.874323099474472","0.2892002574416721","30.110945260794107","0.2892002574416721","30.110945260794107","0.2892002574416721","30.110945260794107","Herd"
"72577","fortuna silver mines","2040","599853000.0","35.699374669205056","0.2718057306446289","0.0001567466946068","0.0046630229110399","4.385964912280703e-08","0.3290017794442413","8.802165030432455e-05","0.0075846528527302","2.065602587995966e-09","0.8933884297520661","0.0002447683449111","0.0081507751822053","2.6666666666666667e-08","0.4560009056100156","","0.3448275862068966","0.3448275862068966","","0.5","0.4405940716976475","128.68966571206104","0.3448275862068966","0.3448275862068966","0.3448275862068966","0.3448275862068966","0.3326477688316649","105.22455824801214","0.2560825836899366","2.613020999522247","0.2560825836899366","2.613020999522247","0.2761974975748779","45.1822005033524","0.2629093249469746","27.373586600721914","0.2629093249469746","27.373586600721914","Herd"
"72578","fortuna silver mines","2041","599853000.0","42.3249865035512","0.2554574323854494","0.0001567466946068","0.0046630229110399","4.385964912280703e-08","0.3290017794442413","8.802165030432455e-05","0.0075846528527302","2.065602587995966e-09","0.8933884297520661","0.0002447683449111","0.0081507751822053","2.6666666666666667e-08","0.4560009056100156","","0.3103448275862068","0.3103448275862068","","0.5","0.4111516544185764","135.41017443374847","0.3103448275862068","0.3103448275862068","0.3103448275862068","0.3103448275862068","0.313999981839192","114.29157771610446","0.2304743253209429","2.351718899570022","0.2304743253209429","2.351718899570022","0.2631947377080836","60.253455745910685","0.2366183924522771","24.636227940649725","0.2366183924522771","24.636227940649725","Herd"
"72579","fortuna silver mines","2042","599853000.0","50.1802762408354","0.2400924351602004","0.0001567466946068","0.0046630229110399","4.385964912280703e-08","0.3290017794442413","8.802165030432455e-05","0.0075846528527302","2.065602587995966e-09","0.8933884297520661","0.0002447683449111","0.0081507751822053","2.6666666666666667e-08","0.4560009056100156","","0.2758620689655172","0.2758620689655172","","0.5","0.3817092371395052","142.1306831554359","0.2758620689655172","0.2758620689655172","0.2758620689655172","0.2758620689655172","0.2953521948467191","123.35859718419675","0.2048660669519493","2.0904167996177976","0.2048660669519493","2.0904167996177976","0.2501919778412895","75.32471098846898","0.2103274599575797","21.89886928057753","0.2103274599575797","21.89886928057753","Herd"
"72580","fortuna silver mines","2043","599853000.0","59.49346548274212","0.225651596365291","0.0001567466946068","0.0046630229110399","4.385964912280703e-08","0.3290017794442413","8.802165030432455e-05","0.0075846528527302","2.065602587995966e-09","0.8933884297520661","0.0002447683449111","0.0081507751822053","2.6666666666666667e-08","0.4560009056100156","","0.2413793103448276","0.2413793103448276","","0.5","0.3522668198604339","148.8511918771233","0.2413793103448276","0.2413793103448276","0.2413793103448276","0.2413793103448276","0.2767044078542461","132.42561665228908","0.1792578085829556","1.8291146996655727","0.1792578085829556","1.8291146996655727","0.2371892179744952","90.39596623102726","0.1840365274628822","19.16151062050534","0.1840365274628822","19.16151062050534","Herd"
"72581","fortuna silver mines","2044","599853000.0","70.53513253213018","0.2120793306470861","0.0001567466946068","0.0046630229110399","4.385964912280703e-08","0.3290017794442413","8.802165030432455e-05","0.0075846528527302","2.065602587995966e-09","0.8933884297520661","0.0002447683449111","0.0081507751822053","2.6666666666666667e-08","0.4560009056100156","","0.2068965517241379","0.2068965517241379","","0.5","0.3228244025813628","155.57170059881074","0.2068965517241379","0.2068965517241379","0.2068965517241379","0.2068965517241379","0.2580566208617733","141.49263612038138","0.1536495502139619","1.5678125997133483","0.1536495502139619","1.5678125997133483","0.224186458107701","105.46722147358555","0.1577455949681848","16.42415196043315","0.1577455949681848","16.42415196043315","Herd"
"72582","fortuna silver mines","2045","599853000.0","83.62607356884224","0.1993233959440066","0.0001567466946068","0.0046630229110399","4.385964912280703e-08","0.3290017794442413","8.802165030432455e-05","0.0075846528527302","2.065602587995966e-09","0.8933884297520661","0.0002447683449111","0.0081507751822053","2.6666666666666667e-08","0.4560009056100156","","0.1724137931034483","0.1724137931034483","","0.5","0.2933819853022916","162.29220932049816","0.1724137931034483","0.1724137931034483","0.1724137931034483","0.1724137931034483","0.2394088338693003","150.5596555884737","0.1280412918449683","1.3065104997611234","0.1280412918449683","1.3065104997611234","0.2111836982409068","120.53847671614383","0.1314546624734873","13.686793300360955","0.1314546624734873","13.686793300360955","Herd"
"72583","fortuna silver mines","2046","599853000.0","99.1466228174423","0.187334692397555","0.0001567466946068","0.0046630229110399","4.385964912280703e-08","0.3290017794442413","8.802165030432455e-05","0.0075846528527302","2.065602587995966e-09","0.8933884297520661","0.0002447683449111","0.0081507751822053","2.6666666666666667e-08","0.4560009056100156","","0.1379310344827586","0.1379310344827586","","0.5","0.2639395680232205","169.01271804218558","0.1379310344827586","0.1379310344827586","0.1379310344827586","0.1379310344827586","0.2207610468768274","159.62667505656603","0.1024330334759746","1.0452083998088986","0.1024330334759746","1.0452083998088986","0.1981809383741126","135.60973195870213","0.1051637299787898","10.949434640288768","0.1051637299787898","10.949434640288768","Herd"
"72584","fortuna silver mines","2047","599853000.0","117.54770248793189","0.1760670733582381","0.0001567466946068","0.0046630229110399","4.385964912280703e-08","0.3290017794442413","8.802165030432455e-05","0.0075846528527302","2.065602587995966e-09","0.8933884297520661","0.0002447683449111","0.0081507751822053","2.6666666666666667e-08","0.4560009056100156","","0.1034482758620689","0.1034482758620689","","0.5","0.2344971507441493","175.733226763873","0.1034482758620689","0.1034482758620689","0.1034482758620689","0.1034482758620689","0.2021132598843545","168.69369452465833","0.0768247751069809","0.7839062998566737","0.0768247751069809","0.7839062998566737","0.1851781785073184","150.68098720126042","0.0788727974840924","8.212075980216575","0.0788727974840924","8.212075980216575","Herd"
"72585","fortuna silver mines","2048","599853000.0","139.3639235260015","0.1654771677589163","0.0001567466946068","0.0046630229110399","4.385964912280703e-08","0.3290017794442413","8.802165030432455e-05","0.0075846528527302","2.065602587995966e-09","0.8933884297520661","0.0002447683449111","0.0081507751822053","2.6666666666666667e-08","0.4560009056100156","","0.0689655172413793","0.0689655172413793","","0.5","0.205054733465078","182.45373548556043","0.0689655172413793","0.0689655172413793","0.0689655172413793","0.0689655172413793","0.1834654728918816","177.76071399275062","0.0512165167379873","0.5226041999044497","0.0512165167379873","0.5226041999044497","0.1721754186405242","165.7522424438187","0.0525818649893949","5.474717320144382","0.0525818649893949","5.474717320144382","Herd"
"72586","fortuna silver mines","2049","599853000.0","165.22911779203173","0.1555242131718623","0.0001567466946068","0.0046630229110399","4.385964912280703e-08","0.3290017794442413","8.802165030432455e-05","0.0075846528527302","2.065602587995966e-09","0.8933884297520661","0.0002447683449111","0.0081507751822053","2.6666666666666667e-08","0.4560009056100156","","0.0344827586206897","0.0344827586206897","","0.5","0.1756123161860069","189.17424420724785","0.0344827586206897","0.0344827586206897","0.0344827586206897","0.0344827586206897","0.1648176858994087","186.82773346084292","0.0256082583689936","0.2613020999522248","0.0256082583689936","0.2613020999522248","0.15917265877373","180.82349768637695","0.0262909324946974","2.737358660072193","0.0262909324946974","2.737358660072193","Herd"
"72587","fortuna silver mines","2050","599853000.0","195.89475292893528","0.1461698989069358","0.0001567466946068","0.0046630229110399","4.385964912280703e-08","0.3290017794442413","8.802165030432455e-05","0.0075846528527302","2.065602587995966e-09","0.8933884297520661","0.0002447683449111","0.0081507751822053","2.6666666666666667e-08","0.4560009056100156","","0.0","0.0","","0.5","0.1461698989069358","195.89475292893528","0.0","0.0","0.0","0.0","0.1461698989069358","195.89475292893528","0.0","0.0","0.0","0.0","0.1461698989069358","195.89475292893528","0.0","0.0","0.0","0.0","Herd"
"139608","pan american silver","2021","1632750000.0","1.405634600208329","0.8833236686760966","","0.0046630229110399","4.385964912280703e-08","0.3290017794442413","","0.0075846528527302","2.065602587995966e-09","0.8933884297520661","","0.0081507751822053","2.6666666666666667e-08","0.4560009056100156","","1.0","1.0","","1.0","1.0","1.0","1.0","1.0","1.0","1.0","1.0","1.0","1.0","1.0","1.0","1.0","1.0","1.0","1.0","1.0","1.0","1.0","Laggard"
"139609","pan american silver","2022","1632750000.0","1.6665128180539892","0.8301944032972512","","0.0046630229110399","4.385964912280703e-08","0.3290017794442413","","0.0075846528527302","2.065602587995966e-09","0.8933884297520661","","0.0081507751822053","2.6666666666666667e-08","0.4560009056100156","","0.9655172413793104","0.9655172413793104","","0.9444444444444444","0.9705575827209288","7.720508721687423","0.9655172413793104","0.9655172413793104","0.9655172413793104","0.9655172413793104","0.8301944032972512","1.6665128180539892","0.8301944032972512","1.6665128180539892","0.8301944032972512","1.6665128180539892","0.8301944032972512","1.6665128180539892","0.8301944032972512","1.6665128180539892","0.8301944032972512","1.6665128180539892","Laggard"
"139610","pan american silver","2023","1632750000.0","1.975808629302829","0.7802607036433984","","0.0046630229110399","4.385964912280703e-08","0.3290017794442413","","0.0075846528527302","2.065602587995966e-09","0.8933884297520661","","0.0081507751822053","2.6666666666666667e-08","0.4560009056100156","","0.9310344827586208","0.9310344827586208","","0.8888888888888888","0.9411151654418576","14.441017443374848","0.9310344827586208","0.9310344827586208","0.9310344827586208","0.9310344827586208","0.7802607036433984","1.975808629302829","0.7802607036433984","1.975808629302829","0.7802607036433984","1.975808629302829","0.7802607036433984","1.975808629302829","0.7802607036433984","1.975808629302829","0.7802607036433984","1.975808629302829","Laggard"
"139611","pan american silver","2024","1632750000.0","2.342508078747375","0.7333303660348909","","0.0046630229110399","4.385964912280703e-08","0.3290017794442413","","0.0075846528527302","2.065602587995966e-09","0.8933884297520661","","0.0081507751822053","2.6666666666666667e-08","0.4560009056100156","","0.896551724137931","0.896551724137931","","0.8333333333333334","0.9116727481627864","21.16152616506227","0.896551724137931","0.896551724137931","0.896551724137931","0.896551724137931","0.7333303660348909","2.342508078747375","0.7333303660348909","2.342508078747375","0.7333303660348909","2.342508078747375","0.7333303660348909","2.342508078747375","0.7333303660348909","2.342508078747375","0.7333303660348909","2.342508078747375","Laggard"
"139612","pan american silver","2025","1632750000.0","2.777264972738249","0.6892227472660791","","0.0046630229110399","4.385964912280703e-08","0.3290017794442413","","0.0075846528527302","2.065602587995966e-09","0.8933884297520661","","0.0081507751822053","2.6666666666666667e-08","0.4560009056100156","","0.8620689655172413","0.8620689655172413","","0.7777777777777778","0.8822303308837153","27.882034886749693","0.8620689655172413","0.8620689655172413","0.8620689655172413","0.8620689655172413","0.6892227472660791","2.777264972738249","0.6892227472660791","2.777264972738249","0.6892227472660791","2.777264972738249","0.6892227472660791","2.777264972738249","0.6892227472660791","2.777264972738249","0.6892227472660791","2.777264972738249","Laggard"
"139613","pan american silver","2026","1632750000.0","3.292710406754848","0.6477680692775245","","0.0046630229110399","4.385964912280703e-08","0.3290017794442413","","0.0075846528527302","2.065602587995966e-09","0.8933884297520661","","0.0081507751822053","2.6666666666666667e-08","0.4560009056100156","","0.8275862068965517","0.8275862068965517","","0.7222222222222222","0.8527879136046441","34.60254360843712","0.8275862068965517","0.8275862068965517","0.8275862068965517","0.8275862068965517","0.6477680692775245","3.292710406754848","0.6477680692775245","3.292710406754848","0.6477680692775245","3.292710406754848","0.6477680692775245","3.292710406754848","0.6477680692775245","3.292710406754848","0.6477680692775245","3.292710406754848","Laggard"
"139614","pan american silver","2027","1632750000.0","3.903819739627524","0.6088067656500911","","0.0046630229110399","4.385964912280703e-08","0.3290017794442413","","0.0075846528527302","2.065602587995966e-09","0.8933884297520661","","0.0081507751822053","2.6666666666666667e-08","0.4560009056100156","","0.7931034482758621","0.7931034482758621","","0.6666666666666667","0.8233454963255729","41.32305233012454","0.7931034482758621","0.7931034482758621","0.7931034482758621","0.7931034482758621","0.6088067656500911","3.903819739627524","0.6088067656500911","3.903819739627524","0.6088067656500911","3.903819739627524","0.6088067656500911","3.903819739627524","0.6088067656500911","3.903819739627524","0.6088067656500911","3.903819739627524","Laggard"
"139615","pan american silver","2028","1632750000.0","4.628347676200654","0.5721888674054548","","0.0046630229110399","4.385964912280703e-08","0.3290017794442413","","0.0075846528527302","2.065602587995966e-09","0.8933884297520661","","0.0081507751822053","2.6666666666666667e-08","0.4560009056100156","","0.7586206896551724","0.7586206896551724","","0.6111111111111112","0.7939030790465017","48.04356105181196","0.7586206896551724","0.7586206896551724","0.7586206896551724","0.7586206896551724","0.5721888674054548","4.628347676200654","0.5721888674054548","4.628347676200654","0.5721888674054548","4.628347676200654","0.5721888674054548","4.628347676200654","0.5721888674054548","4.628347676200654","0.5721888674054548","4.628347676200654","Laggard"
"139616","pan american silver","2029","1632750000.0","5.487344098996719","0.537773425748867","","0.0046630229110399","4.385964912280703e-08","0.3290017794442413","","0.0075846528527302","2.065602587995966e-09","0.8933884297520661","","0.0081507751822053","2.6666666666666667e-08","0.4560009056100156","","0.7241379310344828","0.7241379310344828","","0.5555555555555556","0.7644606617674305","54.764069773499386","0.7241379310344828","0.7241379310344828","0.7241379310344828","0.7241379310344828","0.537773425748867","5.487344098996719","0.537773425748867","5.487344098996719","0.537773425748867","5.487344098996719","0.537773425748867","5.487344098996719","0.537773425748867","5.487344098996719","0.537773425748867","5.487344098996719","Laggard"
"139617","pan american silver","2030","1632750000.0","6.505765635461456","0.5054279695322069","","0.0046630229110399","4.385964912280703e-08","0.3290017794442413","","0.0075846528527302","2.065602587995966e-09","0.8933884297520661","","0.0081507751822053","2.6666666666666667e-08","0.4560009056100156","","0.6896551724137931","0.6896551724137931","","0.5","0.7350182444883594","61.48457849518681","0.6896551724137931","0.6896551724137931","0.6896551724137931","0.6896551724137931","0.5191256387563941","14.55436356708903","0.5121651673798733","5.226041999044494","0.5121651673798733","5.226041999044494","0.5054279695322069","6.505765635461456","0.5054279695322069","6.505765635461456","0.5054279695322069","6.505765635461456","Laggard"
"139618","pan american silver","2031","1632750000.0","7.713200728798785","0.4750279953490016","","0.0046630229110399","4.385964912280703e-08","0.3290017794442413","","0.0075846528527302","2.065602587995966e-09","0.8933884297520661","","0.0081507751822053","2.6666666666666667e-08","0.4560009056100156","","0.6551724137931034","0.6551724137931034","","0.5","0.7055758272092882","68.20508721687423","0.6551724137931034","0.6551724137931034","0.6551724137931034","0.6551724137931034","0.5004778517639211","23.621383035181346","0.4865569090108796","4.964739899092269","0.4865569090108796","4.964739899092269","0.4750279953490016","7.713200728798785","0.4750279953490016","7.713200728798785","0.4750279953490016","7.713200728798785","Laggard"
"139619","pan american silver","2032","1632750000.0","9.14472927805095","0.4464564882986993","","0.0046630229110399","4.385964912280703e-08","0.3290017794442413","","0.0075846528527302","2.065602587995966e-09","0.8933884297520661","","0.0081507751822053","2.6666666666666667e-08","0.4560009056100156","","0.6206896551724138","0.6206896551724138","","0.5","0.676133409930217","74.92559593856166","0.6206896551724138","0.6206896551724138","0.6206896551724138","0.6206896551724138","0.4818300647714482","32.68840250327365","0.460948650641886","4.703437799140044","0.460948650641886","4.703437799140044","0.4464564882986993","9.14472927805095","0.4464564882986993","9.14472927805095","0.4464564882986993","9.14472927805095","Laggard"
"139620","pan american silver","2033","1632750000.0","10.841941822751672","0.4196034715755318","","0.0046630229110399","4.385964912280703e-08","0.3290017794442413","","0.0075846528527302","2.065602587995966e-09","0.8933884297520661","","0.0081507751822053","2.6666666666666667e-08","0.4560009056100156","","0.5862068965517242","0.5862068965517242","","0.5","0.6466909926511458","81.64610466024908","0.5862068965517242","0.5862068965517242","0.5862068965517242","0.5862068965517242","0.4631822777789753","41.75542197136596","0.4353403922728923","4.44213569918782","0.4353403922728923","4.44213569918782","0.4196034715755318","10.841941822751672","0.4196034715755318","10.841941822751672","0.4196034715755318","10.841941822751672","Laggard"
"139621","pan american silver","2034","1632750000.0","12.854147882766547","0.3943655831482539","","0.0046630229110399","4.385964912280703e-08","0.3290017794442413","","0.0075846528527302","2.065602587995966e-09","0.8933884297520661","","0.0081507751822053","2.6666666666666667e-08","0.4560009056100156","","0.5517241379310345","0.5517241379310345","","0.5","0.6172485753720747","88.3666133819365","0.5517241379310345","0.5517241379310345","0.5517241379310345","0.5517241379310345","0.4445344907865024","50.822441439458274","0.4097321339038986","4.180833599235595","0.4097321339038986","4.180833599235595","0.3943655831482539","12.854147882766547","0.3943655831482539","12.854147882766547","0.3943655831482539","12.854147882766547","Laggard"
"139622","pan american silver","2035","1632750000.0","15.23980855950551","0.3706456779013249","","0.0046630229110399","4.385964912280703e-08","0.3290017794442413","","0.0075846528527302","2.065602587995966e-09","0.8933884297520661","","0.0081507751822053","2.6666666666666667e-08","0.4560009056100156","","0.5172413793103449","0.5172413793103449","","0.5","0.5878061580930034","95.08712210362393","0.5172413793103449","0.5172413793103449","0.5172413793103449","0.5172413793103449","0.4258867037940295","59.889460907550585","0.384123875534905","3.9195314992833694","0.384123875534905","3.9195314992833694","0.3706456779013249","15.23980855950551","0.3706456779013249","15.23980855950551","0.3706456779013249","15.23980855950551","Laggard"
"139623","pan american silver","2036","1632750000.0","18.068235020211297","0.3483524537061038","","0.0046630229110399","4.385964912280703e-08","0.3290017794442413","","0.0075846528527302","2.065602587995966e-09","0.8933884297520661","","0.0081507751822053","2.6666666666666667e-08","0.4560009056100156","","0.4827586206896551","0.4827586206896551","","0.5","0.5583637408139323","101.80763082531136","0.4827586206896551","0.4827586206896551","0.4827586206896551","0.4827586206896551","0.4072389168015565","68.9564803756429","0.3585156171659113","3.6582293993311454","0.3585156171659113","3.6582293993311454","0.3483524537061038","18.068235020211297","0.3483524537061038","18.068235020211297","0.3483524537061038","18.068235020211297","Laggard"
"139624","pan american silver","2037","1632750000.0","21.421602211792","0.3274000999827371","","0.0046630229110399","4.385964912280703e-08","0.3290017794442413","","0.0075846528527302","2.065602587995966e-09","0.8933884297520661","","0.0081507751822053","2.6666666666666667e-08","0.4560009056100156","","0.4482758620689655","0.4482758620689655","","0.5","0.5289213235348611","108.52813954699876","0.4482758620689655","0.4482758620689655","0.4482758620689655","0.4482758620689655","0.3885911298090836","78.02349984373521","0.3329073587969177","3.396927299378921","0.3329073587969177","3.396927299378921","0.3274000999827371","21.421602211792","0.3274000999827371","21.421602211792","0.3274000999827371","21.421602211792","Laggard"
"139625","pan american silver","2038","1632750000.0","25.39733630910484","0.3077079673999957","","0.0046630229110399","4.385964912280703e-08","0.3290017794442413","","0.0075846528527302","2.065602587995966e-09","0.8933884297520661","","0.0081507751822053","2.6666666666666667e-08","0.4560009056100156","","0.4137931034482759","0.4137931034482759","","0.5","0.4994789062557899","115.2486482686862","0.4137931034482759","0.4137931034482759","0.4137931034482759","0.4137931034482759","0.3699433428166108","87.09051931182752","0.3072991004279239","3.135625199426696","0.3072991004279239","3.135625199426696","0.3077079673999957","25.39733630910484","0.3077079673999957","25.39733630910484","0.3077079673999957","25.39733630910484","Laggard"
"139626","pan american silver","2039","1632750000.0","30.110945260794107","0.2892002574416721","","0.0046630229110399","4.385964912280703e-08","0.3290017794442413","","0.0075846528527302","2.065602587995966e-09","0.8933884297520661","","0.0081507751822053","2.6666666666666667e-08","0.4560009056100156","","0.3793103448275862","0.3793103448275862","","0.5","0.4700364889767188","121.96915699037362","0.3793103448275862","0.3793103448275862","0.3793103448275862","0.3793103448275862","0.3512955558241378","96.15753877991985","0.2816908420589303","2.874323099474472","0.2816908420589303","2.874323099474472","0.2892002574416721","30.110945260794107","0.2892002574416721","30.110945260794107","0.2892002574416721","30.110945260794107","Laggard"
"139627","pan american silver","2040","1632750000.0","35.699374669205056","0.2718057306446289","","0.0046630229110399","4.385964912280703e-08","0.3290017794442413","","0.0075846528527302","2.065602587995966e-09","0.8933884297520661","","0.0081507751822053","2.6666666666666667e-08","0.4560009056100156","","0.3448275862068966","0.3448275862068966","","0.5","0.4405940716976475","128.68966571206104","0.3448275862068966","0.3448275862068966","0.3448275862068966","0.3448275862068966","0.3326477688316649","105.22455824801214","0.2560825836899366","2.613020999522247","0.2560825836899366","2.613020999522247","0.2761974975748779","45.1822005033524","0.2629093249469746","27.373586600721914","0.2629093249469746","27.373586600721914","Laggard"
"139628","pan american silver","2041","1632750000.0","42.3249865035512","0.2554574323854494","","0.0046630229110399","4.385964912280703e-08","0.3290017794442413","","0.0075846528527302","2.065602587995966e-09","0.8933884297520661","","0.0081507751822053","2.6666666666666667e-08","0.4560009056100156","","0.3103448275862068","0.3103448275862068","","0.5","0.4111516544185764","135.41017443374847","0.3103448275862068","0.3103448275862068","0.3103448275862068","0.3103448275862068","0.313999981839192","114.29157771610446","0.2304743253209429","2.351718899570022","0.2304743253209429","2.351718899570022","0.2631947377080836","60.253455745910685","0.2366183924522771","24.636227940649725","0.2366183924522771","24.636227940649725","Laggard"
"139629","pan american silver","2042","1632750000.0","50.1802762408354","0.2400924351602004","","0.0046630229110399","4.385964912280703e-08","0.3290017794442413","","0.0075846528527302","2.065602587995966e-09","0.8933884297520661","","0.0081507751822053","2.6666666666666667e-08","0.4560009056100156","","0.2758620689655172","0.2758620689655172","","0.5","0.3817092371395052","142.1306831554359","0.2758620689655172","0.2758620689655172","0.2758620689655172","0.2758620689655172","0.2953521948467191","123.35859718419675","0.2048660669519493","2.0904167996177976","0.2048660669519493","2.0904167996177976","0.2501919778412895","75.32471098846898","0.2103274599575797","21.89886928057753","0.2103274599575797","21.89886928057753","Laggard"
"139630","pan american silver","2043","1632750000.0","59.49346548274212","0.225651596365291","","0.0046630229110399","4.385964912280703e-08","0.3290017794442413","","0.0075846528527302","2.065602587995966e-09","0.8933884297520661","","0.0081507751822053","2.6666666666666667e-08","0.4560009056100156","","0.2413793103448276","0.2413793103448276","","0.5","0.3522668198604339","148.8511918771233","0.2413793103448276","0.2413793103448276","0.2413793103448276","0.2413793103448276","0.2767044078542461","132.42561665228908","0.1792578085829556","1.8291146996655727","0.1792578085829556","1.8291146996655727","0.2371892179744952","90.39596623102726","0.1840365274628822","19.16151062050534","0.1840365274628822","19.16151062050534","Laggard"
"139631","pan american silver","2044","1632750000.0","70.53513253213018","0.2120793306470861","","0.0046630229110399","4.385964912280703e-08","0.3290017794442413","","0.0075846528527302","2.065602587995966e-09","0.8933884297520661","","0.0081507751822053","2.6666666666666667e-08","0.4560009056100156","","0.2068965517241379","0.2068965517241379","","0.5","0.3228244025813628","155.57170059881074","0.2068965517241379","0.2068965517241379","0.2068965517241379","0.2068965517241379","0.2580566208617733","141.49263612038138","0.1536495502139619","1.5678125997133483","0.1536495502139619","1.5678125997133483","0.224186458107701","105.46722147358555","0.1577455949681848","16.42415196043315","0.1577455949681848","16.42415196043315","Laggard"
"139632","pan american silver","2045","1632750000.0","83.62607356884224","0.1993233959440066","","0.0046630229110399","4.385964912280703e-08","0.3290017794442413","","0.0075846528527302","2.065602587995966e-09","0.8933884297520661","","0.0081507751822053","2.6666666666666667e-08","0.4560009056100156","","0.1724137931034483","0.1724137931034483","","0.5","0.2933819853022916","162.29220932049816","0.1724137931034483","0.1724137931034483","0.1724137931034483","0.1724137931034483","0.2394088338693003","150.5596555884737","0.1280412918449683","1.3065104997611234","0.1280412918449683","1.3065104997611234","0.2111836982409068","120.53847671614383","0.1314546624734873","13.686793300360955","0.1314546624734873","13.686793300360955","Laggard"
"139633","pan american silver","2046","1632750000.0","99.1466228174423","0.187334692397555","","0.0046630229110399","4.385964912280703e-08","0.3290017794442413","","0.0075846528527302","2.065602587995966e-09","0.8933884297520661","","0.0081507751822053","2.6666666666666667e-08","0.4560009056100156","","0.1379310344827586","0.1379310344827586","","0.5","0.2639395680232205","169.01271804218558","0.1379310344827586","0.1379310344827586","0.1379310344827586","0.1379310344827586","0.2207610468768274","159.62667505656603","0.1024330334759746","1.0452083998088986","0.1024330334759746","1.0452083998088986","0.1981809383741126","135.60973195870213","0.1051637299787898","10.949434640288768","0.1051637299787898","10.949434640288768","Laggard"
"139634","pan american silver","2047","1632750000.0","117.54770248793189","0.1760670733582381","","0.0046630229110399","4.385964912280703e-08","0.3290017794442413","","0.0075846528527302","2.065602587995966e-09","0.8933884297520661","","0.0081507751822053","2.6666666666666667e-08","0.4560009056100156","","0.1034482758620689","0.1034482758620689","","0.5","0.2344971507441493","175.733226763873","0.1034482758620689","0.1034482758620689","0.1034482758620689","0.1034482758620689","0.2021132598843545","168.69369452465833","0.0768247751069809","0.7839062998566737","0.0768247751069809","0.7839062998566737","0.1851781785073184","150.68098720126042","0.0788727974840924","8.212075980216575","0.0788727974840924","8.212075980216575","Laggard"
"139635","pan american silver","2048","1632750000.0","139.3639235260015","0.1654771677589163","","0.0046630229110399","4.385964912280703e-08","0.3290017794442413","","0.0075846528527302","2.065602587995966e-09","0.8933884297520661","","0.0081507751822053","2.6666666666666667e-08","0.4560009056100156","","0.0689655172413793","0.0689655172413793","","0.5","0.205054733465078","182.45373548556043","0.0689655172413793","0.0689655172413793","0.0689655172413793","0.0689655172413793","0.1834654728918816","177.76071399275062","0.0512165167379873","0.5226041999044497","0.0512165167379873","0.5226041999044497","0.1721754186405242","165.7522424438187","0.0525818649893949","5.474717320144382","0.0525818649893949","5.474717320144382","Laggard"
"139636","pan american silver","2049","1632750000.0","165.22911779203173","0.1555242131718623","","0.0046630229110399","4.385964912280703e-08","0.3290017794442413","","0.0075846528527302","2.065602587995966e-09","0.8933884297520661","","0.0081507751822053","2.6666666666666667e-08","0.4560009056100156","","0.0344827586206897","0.0344827586206897","","0.5","0.1756123161860069","189.17424420724785","0.0344827586206897","0.0344827586206897","0.0344827586206897","0.0344827586206897","0.1648176858994087","186.82773346084292","0.0256082583689936","0.2613020999522248","0.0256082583689936","0.2613020999522248","0.15917265877373","180.82349768637695","0.0262909324946974","2.737358660072193","0.0262909324946974","2.737358660072193","Laggard"
"139637","pan american silver","2050","1632750000.0","195.89475292893528","0.1461698989069358","","0.0046630229110399","4.385964912280703e-08","0.3290017794442413","","0.0075846528527302","2.065602587995966e-09","0.8933884297520661","","0.0081507751822053","2.6666666666666667e-08","0.4560009056100156","","0.0","0.0","","0.5","0.1461698989069358","195.89475292893528","0.0","0.0","0.0","0.0","0.1461698989069358","195.89475292893528","0.0","0.0","0.0","0.0","0.1461698989069358","195.89475292893528","0.0","0.0","0.0","0.0","Laggard"
"166908","silvercorp metals","2021","192105000.0","1.405634600208329","0.8833236686760966","","0.0046630229110399","4.385964912280703e-08","0.3290017794442413","","0.0075846528527302","2.065602587995966e-09","0.8933884297520661","","0.0081507751822053","2.6666666666666667e-08","0.4560009056100156","","1.0","1.0","","1.0","1.0","1.0","1.0","1.0","1.0","1.0","1.0","1.0","1.0","1.0","1.0","1.0","1.0","1.0","1.0","1.0","1.0","1.0","Laggard"
"166909","silvercorp metals","2022","192105000.0","1.6665128180539892","0.8301944032972512","","0.0046630229110399","4.385964912280703e-08","0.3290017794442413","","0.0075846528527302","2.065602587995966e-09","0.8933884297520661","","0.0081507751822053","2.6666666666666667e-08","0.4560009056100156","","0.9655172413793104","0.9655172413793104","","0.9444444444444444","0.9705575827209288","7.720508721687423","0.9655172413793104","0.9655172413793104","0.9655172413793104","0.9655172413793104","0.8301944032972512","1.6665128180539892","0.8301944032972512","1.6665128180539892","0.8301944032972512","1.6665128180539892","0.8301944032972512","1.6665128180539892","0.8301944032972512","1.6665128180539892","0.8301944032972512","1.6665128180539892","Laggard"
"166910","silvercorp metals","2023","192105000.0","1.975808629302829","0.7802607036433984","","0.0046630229110399","4.385964912280703e-08","0.3290017794442413","","0.0075846528527302","2.065602587995966e-09","0.8933884297520661","","0.0081507751822053","2.6666666666666667e-08","0.4560009056100156","","0.9310344827586208","0.9310344827586208","","0.8888888888888888","0.9411151654418576","14.441017443374848","0.9310344827586208","0.9310344827586208","0.9310344827586208","0.9310344827586208","0.7802607036433984","1.975808629302829","0.7802607036433984","1.975808629302829","0.7802607036433984","1.975808629302829","0.7802607036433984","1.975808629302829","0.7802607036433984","1.975808629302829","0.7802607036433984","1.975808629302829","Laggard"
"166911","silvercorp metals","2024","192105000.0","2.342508078747375","0.7333303660348909","","0.0046630229110399","4.385964912280703e-08","0.3290017794442413","","0.0075846528527302","2.065602587995966e-09","0.8933884297520661","","0.0081507751822053","2.6666666666666667e-08","0.4560009056100156","","0.896551724137931","0.896551724137931","","0.8333333333333334","0.9116727481627864","21.16152616506227","0.896551724137931","0.896551724137931","0.896551724137931","0.896551724137931","0.7333303660348909","2.342508078747375","0.7333303660348909","2.342508078747375","0.7333303660348909","2.342508078747375","0.7333303660348909","2.342508078747375","0.7333303660348909","2.342508078747375","0.7333303660348909","2.342508078747375","Laggard"
"166912","silvercorp metals","2025","192105000.0","2.777264972738249","0.6892227472660791","","0.0046630229110399","4.385964912280703e-08","0.3290017794442413","","0.0075846528527302","2.065602587995966e-09","0.8933884297520661","","0.0081507751822053","2.6666666666666667e-08","0.4560009056100156","","0.8620689655172413","0.8620689655172413","","0.7777777777777778","0.8822303308837153","27.882034886749693","0.8620689655172413","0.8620689655172413","0.8620689655172413","0.8620689655172413","0.6892227472660791","2.777264972738249","0.6892227472660791","2.777264972738249","0.6892227472660791","2.777264972738249","0.6892227472660791","2.777264972738249","0.6892227472660791","2.777264972738249","0.6892227472660791","2.777264972738249","Laggard"
"166913","silvercorp metals","2026","192105000.0","3.292710406754848","0.6477680692775245","","0.0046630229110399","4.385964912280703e-08","0.3290017794442413","","0.0075846528527302","2.065602587995966e-09","0.8933884297520661","","0.0081507751822053","2.6666666666666667e-08","0.4560009056100156","","0.8275862068965517","0.8275862068965517","","0.7222222222222222","0.8527879136046441","34.60254360843712","0.8275862068965517","0.8275862068965517","0.8275862068965517","0.8275862068965517","0.6477680692775245","3.292710406754848","0.6477680692775245","3.292710406754848","0.6477680692775245","3.292710406754848","0.6477680692775245","3.292710406754848","0.6477680692775245","3.292710406754848","0.6477680692775245","3.292710406754848","Laggard"
"166914","silvercorp metals","2027","192105000.0","3.903819739627524","0.6088067656500911","","0.0046630229110399","4.385964912280703e-08","0.3290017794442413","","0.0075846528527302","2.065602587995966e-09","0.8933884297520661","","0.0081507751822053","2.6666666666666667e-08","0.4560009056100156","","0.7931034482758621","0.7931034482758621","","0.6666666666666667","0.8233454963255729","41.32305233012454","0.7931034482758621","0.7931034482758621","0.7931034482758621","0.7931034482758621","0.6088067656500911","3.903819739627524","0.6088067656500911","3.903819739627524","0.6088067656500911","3.903819739627524","0.6088067656500911","3.903819739627524","0.6088067656500911","3.903819739627524","0.6088067656500911","3.903819739627524","Laggard"
"166915","silvercorp metals","2028","192105000.0","4.628347676200654","0.5721888674054548","","0.0046630229110399","4.385964912280703e-08","0.3290017794442413","","0.0075846528527302","2.065602587995966e-09","0.8933884297520661","","0.0081507751822053","2.6666666666666667e-08","0.4560009056100156","","0.7586206896551724","0.7586206896551724","","0.6111111111111112","0.7939030790465017","48.04356105181196","0.7586206896551724","0.7586206896551724","0.7586206896551724","0.7586206896551724","0.5721888674054548","4.628347676200654","0.5721888674054548","4.628347676200654","0.5721888674054548","4.628347676200654","0.5721888674054548","4.628347676200654","0.5721888674054548","4.628347676200654","0.5721888674054548","4.628347676200654","Laggard"
"166916","silvercorp metals","2029","192105000.0","5.487344098996719","0.537773425748867","","0.0046630229110399","4.385964912280703e-08","0.3290017794442413","","0.0075846528527302","2.065602587995966e-09","0.8933884297520661","","0.0081507751822053","2.6666666666666667e-08","0.4560009056100156","","0.7241379310344828","0.7241379310344828","","0.5555555555555556","0.7644606617674305","54.764069773499386","0.7241379310344828","0.7241379310344828","0.7241379310344828","0.7241379310344828","0.537773425748867","5.487344098996719","0.537773425748867","5.487344098996719","0.537773425748867","5.487344098996719","0.537773425748867","5.487344098996719","0.537773425748867","5.487344098996719","0.537773425748867","5.487344098996719","Laggard"
"166917","silvercorp metals","2030","192105000.0","6.505765635461456","0.5054279695322069","","0.0046630229110399","4.385964912280703e-08","0.3290017794442413","","0.0075846528527302","2.065602587995966e-09","0.8933884297520661","","0.0081507751822053","2.6666666666666667e-08","0.4560009056100156","","0.6896551724137931","0.6896551724137931","","0.5","0.7350182444883594","61.48457849518681","0.6896551724137931","0.6896551724137931","0.6896551724137931","0.6896551724137931","0.5191256387563941","14.55436356708903","0.5121651673798733","5.226041999044494","0.5121651673798733","5.226041999044494","0.5054279695322069","6.505765635461456","0.5054279695322069","6.505765635461456","0.5054279695322069","6.505765635461456","Laggard"
"166918","silvercorp metals","2031","192105000.0","7.713200728798785","0.4750279953490016","","0.0046630229110399","4.385964912280703e-08","0.3290017794442413","","0.0075846528527302","2.065602587995966e-09","0.8933884297520661","","0.0081507751822053","2.6666666666666667e-08","0.4560009056100156","","0.6551724137931034","0.6551724137931034","","0.5","0.7055758272092882","68.20508721687423","0.6551724137931034","0.6551724137931034","0.6551724137931034","0.6551724137931034","0.5004778517639211","23.621383035181346","0.4865569090108796","4.964739899092269","0.4865569090108796","4.964739899092269","0.4750279953490016","7.713200728798785","0.4750279953490016","7.713200728798785","0.4750279953490016","7.713200728798785","Laggard"
"166919","silvercorp metals","2032","192105000.0","9.14472927805095","0.4464564882986993","","0.0046630229110399","4.385964912280703e-08","0.3290017794442413","","0.0075846528527302","2.065602587995966e-09","0.8933884297520661","","0.0081507751822053","2.6666666666666667e-08","0.4560009056100156","","0.6206896551724138","0.6206896551724138","","0.5","0.676133409930217","74.92559593856166","0.6206896551724138","0.6206896551724138","0.6206896551724138","0.6206896551724138","0.4818300647714482","32.68840250327365","0.460948650641886","4.703437799140044","0.460948650641886","4.703437799140044","0.4464564882986993","9.14472927805095","0.4464564882986993","9.14472927805095","0.4464564882986993","9.14472927805095","Laggard"
"166920","silvercorp metals","2033","192105000.0","10.841941822751672","0.4196034715755318","","0.0046630229110399","4.385964912280703e-08","0.3290017794442413","","0.0075846528527302","2.065602587995966e-09","0.8933884297520661","","0.0081507751822053","2.6666666666666667e-08","0.4560009056100156","","0.5862068965517242","0.5862068965517242","","0.5","0.6466909926511458","81.64610466024908","0.5862068965517242","0.5862068965517242","0.5862068965517242","0.5862068965517242","0.4631822777789753","41.75542197136596","0.4353403922728923","4.44213569918782","0.4353403922728923","4.44213569918782","0.4196034715755318","10.841941822751672","0.4196034715755318","10.841941822751672","0.4196034715755318","10.841941822751672","Laggard"
"166921","silvercorp metals","2034","192105000.0","12.854147882766547","0.3943655831482539","","0.0046630229110399","4.385964912280703e-08","0.3290017794442413","","0.0075846528527302","2.065602587995966e-09","0.8933884297520661","","0.0081507751822053","2.6666666666666667e-08","0.4560009056100156","","0.5517241379310345","0.5517241379310345","","0.5","0.6172485753720747","88.3666133819365","0.5517241379310345","0.5517241379310345","0.5517241379310345","0.5517241379310345","0.4445344907865024","50.822441439458274","0.4097321339038986","4.180833599235595","0.4097321339038986","4.180833599235595","0.3943655831482539","12.854147882766547","0.3943655831482539","12.854147882766547","0.3943655831482539","12.854147882766547","Laggard"
"166922","silvercorp metals","2035","192105000.0","15.23980855950551","0.3706456779013249","","0.0046630229110399","4.385964912280703e-08","0.3290017794442413","","0.0075846528527302","2.065602587995966e-09","0.8933884297520661","","0.0081507751822053","2.6666666666666667e-08","0.4560009056100156","","0.5172413793103449","0.5172413793103449","","0.5","0.5878061580930034","95.08712210362393","0.5172413793103449","0.5172413793103449","0.5172413793103449","0.5172413793103449","0.4258867037940295","59.889460907550585","0.384123875534905","3.9195314992833694","0.384123875534905","3.9195314992833694","0.3706456779013249","15.23980855950551","0.3706456779013249","15.23980855950551","0.3706456779013249","15.23980855950551","Laggard"
"166923","silvercorp metals","2036","192105000.0","18.068235020211297","0.3483524537061038","","0.0046630229110399","4.385964912280703e-08","0.3290017794442413","","0.0075846528527302","2.065602587995966e-09","0.8933884297520661","","0.0081507751822053","2.6666666666666667e-08","0.4560009056100156","","0.4827586206896551","0.4827586206896551","","0.5","0.5583637408139323","101.80763082531136","0.4827586206896551","0.4827586206896551","0.4827586206896551","0.4827586206896551","0.4072389168015565","68.9564803756429","0.3585156171659113","3.6582293993311454","0.3585156171659113","3.6582293993311454","0.3483524537061038","18.068235020211297","0.3483524537061038","18.068235020211297","0.3483524537061038","18.068235020211297","Laggard"
"166924","silvercorp metals","2037","192105000.0","21.421602211792","0.3274000999827371","","0.0046630229110399","4.385964912280703e-08","0.3290017794442413","","0.0075846528527302","2.065602587995966e-09","0.8933884297520661","","0.0081507751822053","2.6666666666666667e-08","0.4560009056100156","","0.4482758620689655","0.4482758620689655","","0.5","0.5289213235348611","108.52813954699876","0.4482758620689655","0.4482758620689655","0.4482758620689655","0.4482758620689655","0.3885911298090836","78.02349984373521","0.3329073587969177","3.396927299378921","0.3329073587969177","3.396927299378921","0.3274000999827371","21.421602211792","0.3274000999827371","21.421602211792","0.3274000999827371","21.421602211792","Laggard"
"166925","silvercorp metals","2038","192105000.0","25.39733630910484","0.3077079673999957","","0.0046630229110399","4.385964912280703e-08","0.3290017794442413","","0.0075846528527302","2.065602587995966e-09","0.8933884297520661","","0.0081507751822053","2.6666666666666667e-08","0.4560009056100156","","0.4137931034482759","0.4137931034482759","","0.5","0.4994789062557899","115.2486482686862","0.4137931034482759","0.4137931034482759","0.4137931034482759","0.4137931034482759","0.3699433428166108","87.09051931182752","0.3072991004279239","3.135625199426696","0.3072991004279239","3.135625199426696","0.3077079673999957","25.39733630910484","0.3077079673999957","25.39733630910484","0.3077079673999957","25.39733630910484","Laggard"
"166926","silvercorp metals","2039","192105000.0","30.110945260794107","0.2892002574416721","","0.0046630229110399","4.385964912280703e-08","0.3290017794442413","","0.0075846528527302","2.065602587995966e-09","0.8933884297520661","","0.0081507751822053","2.6666666666666667e-08","0.4560009056100156","","0.3793103448275862","0.3793103448275862","","0.5","0.4700364889767188","121.96915699037362","0.3793103448275862","0.3793103448275862","0.3793103448275862","0.3793103448275862","0.3512955558241378","96.15753877991985","0.2816908420589303","2.874323099474472","0.2816908420589303","2.874323099474472","0.2892002574416721","30.110945260794107","0.2892002574416721","30.110945260794107","0.2892002574416721","30.110945260794107","Laggard"
"166927","silvercorp metals","2040","192105000.0","35.699374669205056","0.2718057306446289","","0.0046630229110399","4.385964912280703e-08","0.3290017794442413","","0.0075846528527302","2.065602587995966e-09","0.8933884297520661","","0.0081507751822053","2.6666666666666667e-08","0.4560009056100156","","0.3448275862068966","0.3448275862068966","","0.5","0.4405940716976475","128.68966571206104","0.3448275862068966","0.3448275862068966","0.3448275862068966","0.3448275862068966","0.3326477688316649","105.22455824801214","0.2560825836899366","2.613020999522247","0.2560825836899366","2.613020999522247","0.2761974975748779","45.1822005033524","0.2629093249469746","27.373586600721914","0.2629093249469746","27.373586600721914","Laggard"
"166928","silvercorp metals","2041","192105000.0","42.3249865035512","0.2554574323854494","","0.0046630229110399","4.385964912280703e-08","0.3290017794442413","","0.0075846528527302","2.065602587995966e-09","0.8933884297520661","","0.0081507751822053","2.6666666666666667e-08","0.4560009056100156","","0.3103448275862068","0.3103448275862068","","0.5","0.4111516544185764","135.41017443374847","0.3103448275862068","0.3103448275862068","0.3103448275862068","0.3103448275862068","0.313999981839192","114.29157771610446","0.2304743253209429","2.351718899570022","0.2304743253209429","2.351718899570022","0.2631947377080836","60.253455745910685","0.2366183924522771","24.636227940649725","0.2366183924522771","24.636227940649725","Laggard"
"166929","silvercorp metals","2042","192105000.0","50.1802762408354","0.2400924351602004","","0.0046630229110399","4.385964912280703e-08","0.3290017794442413","","0.0075846528527302","2.065602587995966e-09","0.8933884297520661","","0.0081507751822053","2.6666666666666667e-08","0.4560009056100156","","0.2758620689655172","0.2758620689655172","","0.5","0.3817092371395052","142.1306831554359","0.2758620689655172","0.2758620689655172","0.2758620689655172","0.2758620689655172","0.2953521948467191","123.35859718419675","0.2048660669519493","2.0904167996177976","0.2048660669519493","2.0904167996177976","0.2501919778412895","75.32471098846898","0.2103274599575797","21.89886928057753","0.2103274599575797","21.89886928057753","Laggard"
"166930","silvercorp metals","2043","192105000.0","59.49346548274212","0.225651596365291","","0.0046630229110399","4.385964912280703e-08","0.3290017794442413","","0.0075846528527302","2.065602587995966e-09","0.8933884297520661","","0.0081507751822053","2.6666666666666667e-08","0.4560009056100156","","0.2413793103448276","0.2413793103448276","","0.5","0.3522668198604339","148.8511918771233","0.2413793103448276","0.2413793103448276","0.2413793103448276","0.2413793103448276","0.2767044078542461","132.42561665228908","0.1792578085829556","1.8291146996655727","0.1792578085829556","1.8291146996655727","0.2371892179744952","90.39596623102726","0.1840365274628822","19.16151062050534","0.1840365274628822","19.16151062050534","Laggard"
"166931","silvercorp metals","2044","192105000.0","70.53513253213018","0.2120793306470861","","0.0046630229110399","4.385964912280703e-08","0.3290017794442413","","0.0075846528527302","2.065602587995966e-09","0.8933884297520661","","0.0081507751822053","2.6666666666666667e-08","0.4560009056100156","","0.2068965517241379","0.2068965517241379","","0.5","0.3228244025813628","155.57170059881074","0.2068965517241379","0.2068965517241379","0.2068965517241379","0.2068965517241379","0.2580566208617733","141.49263612038138","0.1536495502139619","1.5678125997133483","0.1536495502139619","1.5678125997133483","0.224186458107701","105.46722147358555","0.1577455949681848","16.42415196043315","0.1577455949681848","16.42415196043315","Laggard"
"166932","silvercorp metals","2045","192105000.0","83.62607356884224","0.1993233959440066","","0.0046630229110399","4.385964912280703e-08","0.3290017794442413","","0.0075846528527302","2.065602587995966e-09","0.8933884297520661","","0.0081507751822053","2.6666666666666667e-08","0.4560009056100156","","0.1724137931034483","0.1724137931034483","","0.5","0.2933819853022916","162.29220932049816","0.1724137931034483","0.1724137931034483","0.1724137931034483","0.1724137931034483","0.2394088338693003","150.5596555884737","0.1280412918449683","1.3065104997611234","0.1280412918449683","1.3065104997611234","0.2111836982409068","120.53847671614383","0.1314546624734873","13.686793300360955","0.1314546624734873","13.686793300360955","Laggard"
"166933","silvercorp metals","2046","192105000.0","99.1466228174423","0.187334692397555","","0.0046630229110399","4.385964912280703e-08","0.3290017794442413","","0.0075846528527302","2.065602587995966e-09","0.8933884297520661","","0.0081507751822053","2.6666666666666667e-08","0.4560009056100156","","0.1379310344827586","0.1379310344827586","","0.5","0.2639395680232205","169.01271804218558","0.1379310344827586","0.1379310344827586","0.1379310344827586","0.1379310344827586","0.2207610468768274","159.62667505656603","0.1024330334759746","1.0452083998088986","0.1024330334759746","1.0452083998088986","0.1981809383741126","135.60973195870213","0.1051637299787898","10.949434640288768","0.1051637299787898","10.949434640288768","Laggard"
"166934","silvercorp metals","2047","192105000.0","117.54770248793189","0.1760670733582381","","0.0046630229110399","4.385964912280703e-08","0.3290017794442413","","0.0075846528527302","2.065602587995966e-09","0.8933884297520661","","0.0081507751822053","2.6666666666666667e-08","0.4560009056100156","","0.1034482758620689","0.1034482758620689","","0.5","0.2344971507441493","175.733226763873","0.1034482758620689","0.1034482758620689","0.1034482758620689","0.1034482758620689","0.2021132598843545","168.69369452465833","0.0768247751069809","0.7839062998566737","0.0768247751069809","0.7839062998566737","0.1851781785073184","150.68098720126042","0.0788727974840924","8.212075980216575","0.0788727974840924","8.212075980216575","Laggard"
"166935","silvercorp metals","2048","192105000.0","139.3639235260015","0.1654771677589163","","0.0046630229110399","4.385964912280703e-08","0.3290017794442413","","0.0075846528527302","2.065602587995966e-09","0.8933884297520661","","0.0081507751822053","2.6666666666666667e-08","0.4560009056100156","","0.0689655172413793","0.0689655172413793","","0.5","0.205054733465078","182.45373548556043","0.0689655172413793","0.0689655172413793","0.0689655172413793","0.0689655172413793","0.1834654728918816","177.76071399275062","0.0512165167379873","0.5226041999044497","0.0512165167379873","0.5226041999044497","0.1721754186405242","165.7522424438187","0.0525818649893949","5.474717320144382","0.0525818649893949","5.474717320144382","Laggard"
"166936","silvercorp metals","2049","192105000.0","165.22911779203173","0.1555242131718623","","0.0046630229110399","4.385964912280703e-08","0.3290017794442413","","0.0075846528527302","2.065602587995966e-09","0.8933884297520661","","0.0081507751822053","2.6666666666666667e-08","0.4560009056100156","","0.0344827586206897","0.0344827586206897","","0.5","0.1756123161860069","189.17424420724785","0.0344827586206897","0.0344827586206897","0.0344827586206897","0.0344827586206897","0.1648176858994087","186.82773346084292","0.0256082583689936","0.2613020999522248","0.0256082583689936","0.2613020999522248","0.15917265877373","180.82349768637695","0.0262909324946974","2.737358660072193","0.0262909324946974","2.737358660072193","Laggard"
"166937","silvercorp metals","2050","192105000.0","195.89475292893528","0.1461698989069358","","0.0046630229110399","4.385964912280703e-08","0.3290017794442413","","0.0075846528527302","2.065602587995966e-09","0.8933884297520661","","0.0081507751822053","2.6666666666666667e-08","0.4560009056100156","","0.0","0.0","","0.5","0.1461698989069358","195.89475292893528","0.0","0.0","0.0","0.0","0.1461698989069358","195.89475292893528","0.0","0.0","0.0","0.0","0.1461698989069358","195.89475292893528","0.0","0.0","0.0","0.0","Laggard"